areageografica,regione,provincia,codiceistitutoriferimento,denominazioneistitutoriferimento,codicescuola,denominazionescuola,codicecomunescuola,descrizionecomune,descrizionecaratteristicascuola,descrizionetipologiagradoistruzionescuola
SUD,ABRUZZO,L'AQUILA,AQIS01200R,ISTITUTO SUPERIORE TORLONIA - BELLISARIO,AQSD01201N,"LICEO ARTISTICO ""VINCENZO BELLISARIO""",A515,AVEZZANO,NORMALE,ISTITUTO D'ARTE
CENTRO,TOSCANA,AREZZO,ARIS00700X,MARGARITONE-VASARI,ARRI00750X,MARGARITONE - CORSO SERALE,A390,AREZZO,PERCORSO II LIVELLO,IST PROF INDUSTRIA E ARTIGIANATO
NORD EST,EMILIA ROMAGNA,BOLOGNA,BOIS01400R,I.I.S. F. ALBERGHETTI,BORI01402D,IPIA F.ALBERGHETTI - SEZIONE ASSOCIATA,E289,IMOLA,NORMALE,IST PROF INDUSTRIA E ARTIGIANATO
NORD OVEST,LOMBARDIA,BRESCIA,BSIS02200A,"""DANDOLO"" - CORZANO",BSRH02201E,"ALBERGHIERO ""DANDOLO""",D082,CORZANO,NORMALE,IST PROF PER I SERVIZI ALBERGHIERI E RISTORAZIONE
SUD,MOLISE,CAMPOBASSO,CBIS023004,"""E. MAJORANA""",CBSL02301B,"L.ARTISTICO ""B.JACOVITTI""",L113,TERMOLI,NORMALE,LICEO ARTISTICO
SUD,MOLISE,CAMPOBASSO,CBIS007006,I.I.S.S. LOMBARDO-RADICE,CBTD00701C,ISTITUTO TECNICO ECONOMICO - BOIANO,A930,BOJANO,NORMALE,ISTITUTO TECNICO COMMERCIALE
SUD,ABRUZZO,CHIETI,CHIS01600D,U. POMILIO CHIETI,CHRI016015,U. POMILIO CHIETI,C632,CHIETI,NORMALE,IST PROF INDUSTRIA E ARTIGIANATO
NORD OVEST,PIEMONTE,CUNEO,CNPC030005,"SALUZZO ""G.B.BODONI""",CNPC030005,"SALUZZO ""G.B.BODONI""",H727,SALUZZO,NORMALE,LICEO CLASSICO
NORD OVEST,LOMBARDIA,COMO,COIS011006,GIUSEPPE TERRAGNI,COTD01101C,IST. TECNICO ECONOMICO GIUSEPPE TERRAGNI,G025,OLGIATE COMASCO,NORMALE,ISTITUTO TECNICO COMMERCIALE
NORD OVEST,LOMBARDIA,CREMONA,CRIS00800D,"""ANTONIO STRADIVARI""",CRSL00801R,LICEO ARTISTICO,D150,CREMONA,NORMALE,LICEO ARTISTICO
SUD,CALABRIA,COSENZA,CSIS081003,"IIS ""L. DELLA VALLE"" COSENZA",CSSL08101A,LICEO ARTISTICO COSENZA,D086,COSENZA,NORMALE,LICEO ARTISTICO
SUD,CALABRIA,COSENZA,CSIS028006,IIS CETRARO LC-ISA-ITA-ITT-LS-IPSIA-,CSTN02801A,ITT -TRASPORTI E LOGISTICA - ACQUAPPESA,A041,ACQUAPPESA,NORMALE,ISTITUTO TECNICO PER IL TURISMO
SUD,CALABRIA,CATANZARO,CZIS019007,IIS POLO TECNOLOGICO IND.ED ARTIG.AVANZ.,CZRI01901V,POLO TECNOLOGICO,M208,LAMEZIA TERME,NORMALE,IST PROF INDUSTRIA E ARTIGIANATO
SUD,PUGLIA,FOGGIA,FGRI16000B,"I.P. ""P.G. FRASSATI"" - I.OC. ""M.L. KING""",FGRI16002D,"I.P. ANZANO DI PUGLIA-I.OC. ""M.L. KING""",A320,ANZANO DI PUGLIA,NORMALE,IST PROF INDUSTRIA E ARTIGIANATO
NORD EST,EMILIA ROMAGNA,FORLI'-CESENA,FOIS001002,MARIE CURIE,FOTF00101E,"I.T.I. ""M. CURIE""",I472,SAVIGNANO SUL RUBICONE,NORMALE,ISTITUTO TECNICO INDUSTRIALE
NORD OVEST,LIGURIA,GENOVA,GERH01000G,IPSSA M.POLO,GERH01000G,IPSSA M.POLO,D969,GENOVA,NORMALE,IST PROF PER I SERVIZI ALBERGHIERI E RISTORAZIONE
NORD OVEST,LIGURIA,GENOVA,GEIS012004,B.MARSANO,GETA012021,IST.TEC.TECN. MARSANO/SAN COLOMBANO,H802,SAN COLOMBANO CERTENOLI,NORMALE,ISTITUTO TECNICO AGRARIO
NORD EST,FRIULI-VENEZIA G.,GORIZIA,GOIS006009,IS G. BRIGNOLI - L. EINAUDI - G. MARCONI,GOTA006015,ITA GIOVANNI BRIGNOLI,E124,GRADISCA D'ISONZO,NORMALE,ISTITUTO TECNICO AGRARIO
SUD,MOLISE,ISERNIA,ISIS016004,ISTITUTO OMNICOMPRENSIVO AGNONE,ISRH016018,IPSEOA SAN FRANCESCO CARACCIOLO,A080,AGNONE,NORMALE,IST PROF PER I SERVIZI ALBERGHIERI E RISTORAZIONE
SUD,PUGLIA,LECCE,LEIS04400C,"I.I.S.S. ""F. CALASSO""",LEPM04401X,LICEO SCIENZE UMANE - OPZ.ECON.SOCIALE,E506,LECCE,NORMALE,ISTITUTO MAGISTRALE
SUD,PUGLIA,LECCE,LEIS04200R,"I.I.S.S. ""GALILEI-COSTA-SCARAMBONE""",LERI04251T,"I.S.I.S.S. ""L. SCARAMBONE"" -CORSO SERALE",E506,LECCE,PERCORSO II LIVELLO,IST PROF INDUSTRIA E ARTIGIANATO
SUD,PUGLIA,LECCE,LEIS00100E,"IISS LECCE ""PRESTA-COLUMELLA """,LETA00151Q,TECNICO SERALE - VIA SAN PIETRO IN LAMA,E506,LECCE,PERCORSO II LIVELLO,ISTITUTO TECNICO AGRARIO
CENTRO,TOSCANA,LIVORNO,LIIS006001,MATTEI,LITF00601D,MATTEI,H570,ROSIGNANO MARITTIMO,NORMALE,ISTITUTO TECNICO INDUSTRIALE
CENTRO,LAZIO,LATINA,LTIS01600E,SAN BENEDETTO,LTRA01602G,SAN BENEDETTO,E472,LATINA,CONVITTO ANNESSO,IST PROF PER L'AGRICOLTURA E L'AMBIENTE
ISOLE,SICILIA,MESSINA,MEIS03200Q,ISTITUTO SUPERIORE CAMINITI-TRIMARCHI,MEPS032038,CARMELO CAMINITI,D765,FRANCAVILLA DI SICILIA,NORMALE,LICEO SCIENTIFICO
SUD,BASILICATA,MATERA,MTIS00100A,"I.I.S.""PITAGORA"" -MONTALBANO JONICO",MTPS00101R,LS SCANZANO JONICO - I.I.S.PITAGORA M.J,M256,SCANZANO JONICO,NORMALE,LICEO SCIENTIFICO
SUD,BASILICATA,MATERA,MTTD06000B,"I.T.COMM.GEOM.""LOPERFIDO - OLIVETTI""-MT",MTTD06000B,"I.T.COMM.GEOM.""LOPERFIDO - OLIVETTI""-MT",F052,MATERA,NORMALE,IST TEC COMMERCIALE E PER GEOMETRI
SUD,CAMPANIA,NAPOLI,NARH01000V,"IPSEOA ""I. CAVALCANTI"" NAPOLI",NARH01000V,"IPSEOA ""I. CAVALCANTI"" NAPOLI",F839,NAPOLI,NORMALE,IST PROF PER I SERVIZI ALBERGHIERI E RISTORAZIONE
SUD,CAMPANIA,NAPOLI,NAIS13700L,ISTITUTO SUPERIORE GUGLIELMO MARCONI,NARI13751N,IPSIA G.MARCONI(SC),E054,GIUGLIANO IN CAMPANIA,PERCORSO II LIVELLO,IST PROF INDUSTRIA E ARTIGIANATO
SUD,CAMPANIA,NAPOLI,NASD13000N,LICEO ARTISTICO STATALE UMBERTO BOCCIONI,NASD13000N,LICEO ARTISTICO STATALE UMBERTO BOCCIONI,F839,NAPOLI,NORMALE,ISTITUTO D'ARTE
ISOLE,SICILIA,PALERMO,PARH02000A,"I.P.S.S.E.O.A. ""PIETRO PIAZZA""",PARH02000A,"I.P.S.S.E.O.A. ""PIETRO PIAZZA""",G273,PALERMO,NORMALE,IST PROF PER I SERVIZI ALBERGHIERI E RISTORAZIONE
NORD EST,VENETO,PADOVA,PDIS02200P,IIS U.RUZZA-PADOVA,PDRI02251Q,IPIA SERALE (S.A RUZZA-PD),G224,PADOVA,PERCORSO II LIVELLO,IST PROF INDUSTRIA E ARTIGIANATO
SUD,ABRUZZO,PESCARA,PETD03000D,"ITC-ITT-ITG ""G. MARCONI"" - PENNE",PETD03000D,"ITC-ITT-ITG ""G. MARCONI"" - PENNE",G438,PENNE,NORMALE,IST TEC COMMERCIALE E PER GEOMETRI
CENTRO,UMBRIA,PERUGIA,PGIS00300E,"I.O. ""SALVATORELLI-MONETA""",PGPS003011,"""SALVATORELLI-MONETA"" LICEO",E975,MARSCIANO,NORMALE,LICEO SCIENTIFICO
CENTRO,UMBRIA,PERUGIA,PGIS014001,"I.I.S. ""LEONARDO DA VINCI""",PGRC01401X,UMBERTIDE,D786,UMBERTIDE,NORMALE,IST PROF PER I SERVIZI COMMERCIALI E TURISTICI
CENTRO,UMBRIA,PERUGIA,PGTD12000A,MAGIONE,PGTD12000A,MAGIONE,E805,MAGIONE,NORMALE,ISTITUTO TECNICO COMMERCIALE
CENTRO,TOSCANA,PISA,PIPM030002,GIOSUE' CARDUCCI,PIPM030002,GIOSUE' CARDUCCI,G702,PISA,NORMALE,ISTITUTO MAGISTRALE
NORD EST,FRIULI-VENEZIA G.,PORDENONE,PNIS00200X,IS G.A. PUJATI,PNPM00201B,"""G.A. PUJATI""",H657,SACILE,NORMALE,ISTITUTO MAGISTRALE
CENTRO,MARCHE,PESARO E URBINO,PSIS00100B,"OMNICOMPRENSIVO ""MONTEFELTRO""",PSRF001014,"I.P.S.S.A.S. ""MONTEFELTRO""",M413,SASSOCORVARO AUDITORE,NORMALE,IST PROF PER I SERVIZI SOCIALI
CENTRO,MARCHE,PESARO E URBINO,PSSD07000N,"LICEO ARTISTICO ""F. MENGARONI""",PSSD07000N,"LICEO ARTISTICO ""F. MENGARONI""",G479,PESARO,SCUOLA ANNESSA,ISTITUTO D'ARTE
CENTRO,MARCHE,PESARO E URBINO,PSIS01300N,"I.I.S. ""ANTONIO CECCHI""",PSTA01301D,"I.T.A. ""A. CECCHI""",G479,PESARO,CONVITTO ANNESSO,ISTITUTO TECNICO AGRARIO
CENTRO,TOSCANA,PISTOIA,PTRA010008,"IST.PROF ""DE' FRANCESCHI - A.PACINOTTI""",PTRA010008,"IST.PROF ""DE' FRANCESCHI - A.PACINOTTI""",G713,PISTOIA,CONVITTO ANNESSO,IST PROF PER L'AGRICOLTURA E L'AMBIENTE
NORD OVEST,LOMBARDIA,PAVIA,PVIS00800X,IIS CALVI - VOGHERA,PVRC00801V,IT TECNOLOGICO E IP SERVIZI - C. CALVI,M109,VOGHERA,NORMALE,IST PROF PER I SERVIZI COMMERCIALI
SUD,BASILICATA,POTENZA,PZIS007006,"I.I.S. ""TEN. R. RIGHETTI"" MELFI",PZRI00702V,I.P. TENENTE RIGHETTI PESCOPAGANO,G496,PESCOPAGANO,NORMALE,IST PROF INDUSTRIA E ARTIGIANATO
NORD EST,EMILIA ROMAGNA,REGGIO EMILIA,REIS01600Q,"""BLAISE PASCAL""",REPS016016,"LICEO ""BLAISE PASCAL""",H223,REGGIO NELL'EMILIA,NORMALE,LICEO SCIENTIFICO
ISOLE,SICILIA,RAGUSA,RGIS00200C,GAETANO CURCIO,RGRI00250C,I.P.S.I.A. G. CURCIO - SERALE,E366,ISPICA,PERCORSO II LIVELLO,IST PROF INDUSTRIA E ARTIGIANATO
CENTRO,LAZIO,ROMA,RMPC030006,ANCO MARZIO,RMPC030006,ANCO MARZIO,H501,ROMA,NORMALE,LICEO CLASSICO
CENTRO,LAZIO,ROMA,RMTF090003,G. GALILEI,RMTF090003,G. GALILEI,H501,ROMA,NORMALE,ISTITUTO TECNICO INDUSTRIALE
NORD EST,EMILIA ROMAGNA,RIMINI,RNRH030001,"I.P.S.S.E.O.A. ""S.P. MALATESTA""",RNRH03050A,"""S.P. MALATESTA"" SERALE",H294,RIMINI,PERCORSO II LIVELLO,IST PROF PER I SERVIZI ALBERGHIERI E RISTORAZIONE
SUD,CAMPANIA,SALERNO,SAIS046001,"""GALILEI-DI PALO"" - SALERNO",SATF04601D,"""G. GALILEI""",H703,SALERNO,NORMALE,ISTITUTO TECNICO INDUSTRIALE
NORD OVEST,LIGURIA,LA SPEZIA,SPIS01100V,"""PARENTUCELLI-ARZELA'""",SPPC011016,".""PARENTUCELLI"" CON SEZ. SCIEN",I449,SARZANA,NORMALE,LICEO CLASSICO
ISOLE,SARDEGNA,SASSARI,SSRH07000E,I.P.S.A.R - COSTA SMERALDA DI ARZACHENA,SSRH07050X,ARZACHENA,A453,ARZACHENA,PERCORSO II LIVELLO,IST PROF PER I SERVIZI ALBERGHIERI E RISTORAZIONE
ISOLE,SARDEGNA,SASSARI,SSIS022002,I.I.S.T.C.G. - DON GAVINO PES TEMPIO,SSRI02201N,N. FERRACCIU,B378,CALANGIANUS,NORMALE,IST PROF INDUSTRIA E ARTIGIANATO
ISOLE,SARDEGNA,SASSARI,SSSL030007,"LICEO ARTISTICO - ""FABRIZIO DE ANDRE' """,SSSL030029,LICEO ARTISTICO - C.RECLUSIONE NUCHIS,L093,TEMPIO PAUSANIA,SPEC. PER CARCERARI,LICEO ARTISTICO
SUD,ABRUZZO,TERAMO,TEIS01100D,I.I.S. CROCETTI V. CERULLI,TERI011015,I.P.I.A. GIULIANOVA PAGLIACCETTI,E058,GIULIANOVA,NORMALE,IST PROF INDUSTRIA E ARTIGIANATO
NORD OVEST,PIEMONTE,TORINO,TOIS04700R,I.I.S. GALILEI - FERRARI,TORI04752V,G. GALILEI SERALE,L219,TORINO,PERCORSO II LIVELLO,IST PROF INDUSTRIA E ARTIGIANATO
NORD OVEST,PIEMONTE,TORINO,TOIS03400P,I.I.S. CURIE - VITTORINI,TOTL03401B,I.I.S CURIE-VITTORINI,E216,GRUGLIASCO,NORMALE,ISTITUTO TECNICO PER GEOMETRI
ISOLE,SICILIA,TRAPANI,TPIS02100E,"I.S. ""G.B.FERRIGNO V. ACCARDI""",TPTL02151L,ISTITUTO TECNICO PER GEOMETRI,B521,CAMPOBELLO DI MAZARA,PERCORSO II LIVELLO,ISTITUTO TECNICO PER GEOMETRI
NORD EST,FRIULI-VENEZIA G.,UDINE,UDIS01300A,DELLA BASSA FRIULANA,UDRC013019,ENRICO MATTEI,G284,PALMANOVA,NORMALE,IST PROF PER I SERVIZI COMMERCIALI
NORD EST,FRIULI-VENEZIA G.,UDINE,UDIS014006,F.SOLARI,UDRI01401T,"IPSIA ""A. CANDONI"" TOLMEZZO",L195,TOLMEZZO,NORMALE,IST PROF INDUSTRIA E ARTIGIANATO
NORD EST,VENETO,VICENZA,VIIS006006,IIS M. RIGONI STERN,VIRI00601T,MARIO RIGONI STERN,A465,ASIAGO,CONVITTO ANNESSO,IST PROF INDUSTRIA E ARTIGIANATO
NORD EST,VENETO,VICENZA,VIIS013009,IIS A. CANOVA,VISL01302N,LICEO ARTISTICO 'CANOVA' CARCERARIA,L840,VICENZA,SPEC. PER CARCERARI,LICEO ARTISTICO
NORD EST,VENETO,VERONA,VRIS00400V,"""M.O. LUCIANO DAL CERO""",VRTD004015,ISISS M.O. LUCIANO DAL CERO,H783,SAN BONIFACIO,NORMALE,IST TEC COMMERCIALE E PER GEOMETRI
